mmsi,vessel_name,vessel_type,timestamp_utc,longitude,latitude,sog,cog
419000101,MT_AL_MARJAN,Crude Oil Tanker,2026-09-24T23:00:00+00:00,72.1517,18.5821,13.2,44.0
419000101,MT_AL_MARJAN,Crude Oil Tanker,2026-09-24T23:30:00+00:00,72.1694,18.5999,13.2,44.0
419000101,MT_AL_MARJAN,Crude Oil Tanker,2026-09-25T00:00:00+00:00,72.1872,18.6177,13.2,44.0
419000101,MT_AL_MARJAN,Crude Oil Tanker,2026-09-25T00:30:00+00:00,72.205,18.6354,13.2,44.0
419000101,MT_AL_MARJAN,Crude Oil Tanker,2026-09-25T01:00:00+00:00,72.2228,18.6532,13.2,44.0
419000101,MT_AL_MARJAN,Crude Oil Tanker,2026-09-25T01:30:00+00:00,72.2405,18.671,13.2,44.0
419000101,MT_AL_MARJAN,Crude Oil Tanker,2026-09-25T02:00:00+00:00,72.2583,18.6888,13.2,44.0
419000101,MT_AL_MARJAN,Crude Oil Tanker,2026-09-25T02:30:00+00:00,72.2761,18.7066,13.2,44.0
419000101,MT_AL_MARJAN,Crude Oil Tanker,2026-09-25T03:00:00+00:00,72.2939,18.7243,13.2,44.0
419000101,MT_AL_MARJAN,Crude Oil Tanker,2026-09-25T03:30:00+00:00,72.3117,18.7421,13.2,44.0
419000202,MV_PACIFIC_VOYAGER,Container Ship,2026-09-24T23:00:00+00:00,71.6817,18.5621,15.0,30.0
419000202,MV_PACIFIC_VOYAGER,Container Ship,2026-09-24T23:30:00+00:00,71.6928,18.5843,15.0,30.0
419000202,MV_PACIFIC_VOYAGER,Container Ship,2026-09-25T00:00:00+00:00,71.7039,18.6066,15.0,30.0
419000202,MV_PACIFIC_VOYAGER,Container Ship,2026-09-25T00:30:00+00:00,71.715,18.6288,15.0,30.0
419000202,MV_PACIFIC_VOYAGER,Container Ship,2026-09-25T01:00:00+00:00,71.7261,18.651,15.0,30.0
419000202,MV_PACIFIC_VOYAGER,Container Ship,2026-09-25T01:30:00+00:00,71.7372,18.6732,15.0,30.0
419000202,MV_PACIFIC_VOYAGER,Container Ship,2026-09-25T02:00:00+00:00,71.7483,18.6954,15.0,30.0
419000202,MV_PACIFIC_VOYAGER,Container Ship,2026-09-25T02:30:00+00:00,71.7594,18.7177,15.0,30.0
419000202,MV_PACIFIC_VOYAGER,Container Ship,2026-09-25T03:00:00+00:00,71.7705,18.7399,15.0,30.0
419000202,MV_PACIFIC_VOYAGER,Container Ship,2026-09-25T03:30:00+00:00,71.7817,18.7621,15.0,30.0
419000303,MV_OCEAN_PRIDE,Bulk Carrier,2026-09-25T14:00:00+00:00,72.1517,18.5821,11.5,45.0
419000303,MV_OCEAN_PRIDE,Bulk Carrier,2026-09-25T14:30:00+00:00,72.1694,18.5999,11.5,45.0
419000303,MV_OCEAN_PRIDE,Bulk Carrier,2026-09-25T15:00:00+00:00,72.1872,18.6177,11.5,45.0
419000303,MV_OCEAN_PRIDE,Bulk Carrier,2026-09-25T15:30:00+00:00,72.205,18.6354,11.5,45.0
419000303,MV_OCEAN_PRIDE,Bulk Carrier,2026-09-25T16:00:00+00:00,72.2228,18.6532,11.5,45.0
419000303,MV_OCEAN_PRIDE,Bulk Carrier,2026-09-25T16:30:00+00:00,72.2405,18.671,11.5,45.0
419000303,MV_OCEAN_PRIDE,Bulk Carrier,2026-09-25T17:00:00+00:00,72.2583,18.6888,11.5,45.0
419000303,MV_OCEAN_PRIDE,Bulk Carrier,2026-09-25T17:30:00+00:00,72.2761,18.7066,11.5,45.0
419000303,MV_OCEAN_PRIDE,Bulk Carrier,2026-09-25T18:00:00+00:00,72.2939,18.7243,11.5,45.0
419000303,MV_OCEAN_PRIDE,Bulk Carrier,2026-09-25T18:30:00+00:00,72.3117,18.7421,11.5,45.0
