scene_id,category,image,mask
oil_00128,oil,/tmp/data/part3/Images/Oil/00128.tif,/tmp/data/part3/Mask/Oil/00128_segmentation.tif
oil_00131,oil,/tmp/data/part3/Images/Oil/00131.tif,/tmp/data/part3/Mask/Oil/00131_segmentation.tif
oil_00145,oil,/tmp/data/part3/Images/Oil/00145.tif,/tmp/data/part3/Mask/Oil/00145_segmentation.tif
oil_00108,oil,/tmp/data/part3/Images/Oil/00108.tif,/tmp/data/part3/Mask/Oil/00108_segmentation.tif
oil_00143,oil,/tmp/data/part3/Images/Oil/00143.tif,/tmp/data/part3/Mask/Oil/00143_segmentation.tif
oil_00045,oil,/tmp/data/part3/Images/Oil/00045.tif,/tmp/data/part3/Mask/Oil/00045_segmentation.tif
oil_00030,oil,/tmp/data/part3/Images/Oil/00030.tif,/tmp/data/part3/Mask/Oil/00030_segmentation.tif
oil_00022,oil,/tmp/data/part3/Images/Oil/00022.tif,/tmp/data/part3/Mask/Oil/00022_segmentation.tif
oil_00015,oil,/tmp/data/part3/Images/Oil/00015.tif,/tmp/data/part3/Mask/Oil/00015_segmentation.tif
oil_00065,oil,/tmp/data/part3/Images/Oil/00065.tif,/tmp/data/part3/Mask/Oil/00065_segmentation.tif
oil_00011,oil,/tmp/data/part3/Images/Oil/00011.tif,/tmp/data/part3/Mask/Oil/00011_segmentation.tif
oil_00042,oil,/tmp/data/part3/Images/Oil/00042.tif,/tmp/data/part3/Mask/Oil/00042_segmentation.tif
oil_00146,oil,/tmp/data/part3/Images/Oil/00146.tif,/tmp/data/part3/Mask/Oil/00146_segmentation.tif
oil_00051,oil,/tmp/data/part3/Images/Oil/00051.tif,/tmp/data/part3/Mask/Oil/00051_segmentation.tif
oil_00027,oil,/tmp/data/part3/Images/Oil/00027.tif,/tmp/data/part3/Mask/Oil/00027_segmentation.tif
oil_00004,oil,/tmp/data/part3/Images/Oil/00004.tif,/tmp/data/part3/Mask/Oil/00004_segmentation.tif
oil_00032,oil,/tmp/data/part3/Images/Oil/00032.tif,/tmp/data/part3/Mask/Oil/00032_segmentation.tif
oil_00142,oil,/tmp/data/part3/Images/Oil/00142.tif,/tmp/data/part3/Mask/Oil/00142_segmentation.tif
oil_00085,oil,/tmp/data/part3/Images/Oil/00085.tif,/tmp/data/part3/Mask/Oil/00085_segmentation.tif
oil_00086,oil,/tmp/data/part3/Images/Oil/00086.tif,/tmp/data/part3/Mask/Oil/00086_segmentation.tif
oil_00016,oil,/tmp/data/part3/Images/Oil/00016.tif,/tmp/data/part3/Mask/Oil/00016_segmentation.tif
oil_00010,oil,/tmp/data/part3/Images/Oil/00010.tif,/tmp/data/part3/Mask/Oil/00010_segmentation.tif
oil_00081,oil,/tmp/data/part3/Images/Oil/00081.tif,/tmp/data/part3/Mask/Oil/00081_segmentation.tif
oil_00133,oil,/tmp/data/part3/Images/Oil/00133.tif,/tmp/data/part3/Mask/Oil/00133_segmentation.tif
oil_00137,oil,/tmp/data/part3/Images/Oil/00137.tif,/tmp/data/part3/Mask/Oil/00137_segmentation.tif
oil_00075,oil,/tmp/data/part3/Images/Oil/00075.tif,/tmp/data/part3/Mask/Oil/00075_segmentation.tif
oil_00109,oil,/tmp/data/part3/Images/Oil/00109.tif,/tmp/data/part3/Mask/Oil/00109_segmentation.tif
oil_00096,oil,/tmp/data/part3/Images/Oil/00096.tif,/tmp/data/part3/Mask/Oil/00096_segmentation.tif
oil_00105,oil,/tmp/data/part3/Images/Oil/00105.tif,/tmp/data/part3/Mask/Oil/00105_segmentation.tif
oil_00066,oil,/tmp/data/part3/Images/Oil/00066.tif,/tmp/data/part3/Mask/Oil/00066_segmentation.tif
oil_00000,oil,/tmp/data/part3/Images/Oil/00000.tif,/tmp/data/part3/Mask/Oil/00000_segmentation.tif
oil_00122,oil,/tmp/data/part3/Images/Oil/00122.tif,/tmp/data/part3/Mask/Oil/00122_segmentation.tif
oil_00067,oil,/tmp/data/part3/Images/Oil/00067.tif,/tmp/data/part3/Mask/Oil/00067_segmentation.tif
oil_00028,oil,/tmp/data/part3/Images/Oil/00028.tif,/tmp/data/part3/Mask/Oil/00028_segmentation.tif
oil_00040,oil,/tmp/data/part3/Images/Oil/00040.tif,/tmp/data/part3/Mask/Oil/00040_segmentation.tif
oil_00044,oil,/tmp/data/part3/Images/Oil/00044.tif,/tmp/data/part3/Mask/Oil/00044_segmentation.tif
oil_00060,oil,/tmp/data/part3/Images/Oil/00060.tif,/tmp/data/part3/Mask/Oil/00060_segmentation.tif
oil_00123,oil,/tmp/data/part3/Images/Oil/00123.tif,/tmp/data/part3/Mask/Oil/00123_segmentation.tif
oil_00024,oil,/tmp/data/part3/Images/Oil/00024.tif,/tmp/data/part3/Mask/Oil/00024_segmentation.tif
oil_00025,oil,/tmp/data/part3/Images/Oil/00025.tif,/tmp/data/part3/Mask/Oil/00025_segmentation.tif
oil_00023,oil,/tmp/data/part3/Images/Oil/00023.tif,/tmp/data/part3/Mask/Oil/00023_segmentation.tif
oil_00094,oil,/tmp/data/part3/Images/Oil/00094.tif,/tmp/data/part3/Mask/Oil/00094_segmentation.tif
oil_00039,oil,/tmp/data/part3/Images/Oil/00039.tif,/tmp/data/part3/Mask/Oil/00039_segmentation.tif
oil_00095,oil,/tmp/data/part3/Images/Oil/00095.tif,/tmp/data/part3/Mask/Oil/00095_segmentation.tif
oil_00117,oil,/tmp/data/part3/Images/Oil/00117.tif,/tmp/data/part3/Mask/Oil/00117_segmentation.tif
oil_00047,oil,/tmp/data/part3/Images/Oil/00047.tif,/tmp/data/part3/Mask/Oil/00047_segmentation.tif
oil_00097,oil,/tmp/data/part3/Images/Oil/00097.tif,/tmp/data/part3/Mask/Oil/00097_segmentation.tif
oil_00113,oil,/tmp/data/part3/Images/Oil/00113.tif,/tmp/data/part3/Mask/Oil/00113_segmentation.tif
oil_00033,oil,/tmp/data/part3/Images/Oil/00033.tif,/tmp/data/part3/Mask/Oil/00033_segmentation.tif
oil_00138,oil,/tmp/data/part3/Images/Oil/00138.tif,/tmp/data/part3/Mask/Oil/00138_segmentation.tif
oil_00101,oil,/tmp/data/part3/Images/Oil/00101.tif,/tmp/data/part3/Mask/Oil/00101_segmentation.tif
oil_00062,oil,/tmp/data/part3/Images/Oil/00062.tif,/tmp/data/part3/Mask/Oil/00062_segmentation.tif
oil_00084,oil,/tmp/data/part3/Images/Oil/00084.tif,/tmp/data/part3/Mask/Oil/00084_segmentation.tif
oil_00148,oil,/tmp/data/part3/Images/Oil/00148.tif,/tmp/data/part3/Mask/Oil/00148_segmentation.tif
oil_00053,oil,/tmp/data/part3/Images/Oil/00053.tif,/tmp/data/part3/Mask/Oil/00053_segmentation.tif
oil_00005,oil,/tmp/data/part3/Images/Oil/00005.tif,/tmp/data/part3/Mask/Oil/00005_segmentation.tif
oil_00093,oil,/tmp/data/part3/Images/Oil/00093.tif,/tmp/data/part3/Mask/Oil/00093_segmentation.tif
oil_00111,oil,/tmp/data/part3/Images/Oil/00111.tif,/tmp/data/part3/Mask/Oil/00111_segmentation.tif
oil_00049,oil,/tmp/data/part3/Images/Oil/00049.tif,/tmp/data/part3/Mask/Oil/00049_segmentation.tif
oil_00035,oil,/tmp/data/part3/Images/Oil/00035.tif,/tmp/data/part3/Mask/Oil/00035_segmentation.tif
oil_00080,oil,/tmp/data/part3/Images/Oil/00080.tif,/tmp/data/part3/Mask/Oil/00080_segmentation.tif
oil_00077,oil,/tmp/data/part3/Images/Oil/00077.tif,/tmp/data/part3/Mask/Oil/00077_segmentation.tif
oil_00034,oil,/tmp/data/part3/Images/Oil/00034.tif,/tmp/data/part3/Mask/Oil/00034_segmentation.tif
oil_00114,oil,/tmp/data/part3/Images/Oil/00114.tif,/tmp/data/part3/Mask/Oil/00114_segmentation.tif
oil_00007,oil,/tmp/data/part3/Images/Oil/00007.tif,/tmp/data/part3/Mask/Oil/00007_segmentation.tif
oil_00043,oil,/tmp/data/part3/Images/Oil/00043.tif,/tmp/data/part3/Mask/Oil/00043_segmentation.tif
oil_00070,oil,/tmp/data/part3/Images/Oil/00070.tif,/tmp/data/part3/Mask/Oil/00070_segmentation.tif
oil_00098,oil,/tmp/data/part3/Images/Oil/00098.tif,/tmp/data/part3/Mask/Oil/00098_segmentation.tif
oil_00120,oil,/tmp/data/part3/Images/Oil/00120.tif,/tmp/data/part3/Mask/Oil/00120_segmentation.tif
oil_00083,oil,/tmp/data/part3/Images/Oil/00083.tif,/tmp/data/part3/Mask/Oil/00083_segmentation.tif
oil_00134,oil,/tmp/data/part3/Images/Oil/00134.tif,/tmp/data/part3/Mask/Oil/00134_segmentation.tif
oil_00135,oil,/tmp/data/part3/Images/Oil/00135.tif,/tmp/data/part3/Mask/Oil/00135_segmentation.tif
oil_00089,oil,/tmp/data/part3/Images/Oil/00089.tif,/tmp/data/part3/Mask/Oil/00089_segmentation.tif
oil_00008,oil,/tmp/data/part3/Images/Oil/00008.tif,/tmp/data/part3/Mask/Oil/00008_segmentation.tif
oil_00013,oil,/tmp/data/part3/Images/Oil/00013.tif,/tmp/data/part3/Mask/Oil/00013_segmentation.tif
oil_00119,oil,/tmp/data/part3/Images/Oil/00119.tif,/tmp/data/part3/Mask/Oil/00119_segmentation.tif
oil_00125,oil,/tmp/data/part3/Images/Oil/00125.tif,/tmp/data/part3/Mask/Oil/00125_segmentation.tif
oil_00003,oil,/tmp/data/part3/Images/Oil/00003.tif,/tmp/data/part3/Mask/Oil/00003_segmentation.tif
oil_00017,oil,/tmp/data/part3/Images/Oil/00017.tif,/tmp/data/part3/Mask/Oil/00017_segmentation.tif
oil_00038,oil,/tmp/data/part3/Images/Oil/00038.tif,/tmp/data/part3/Mask/Oil/00038_segmentation.tif
oil_00072,oil,/tmp/data/part3/Images/Oil/00072.tif,/tmp/data/part3/Mask/Oil/00072_segmentation.tif
oil_00136,oil,/tmp/data/part3/Images/Oil/00136.tif,/tmp/data/part3/Mask/Oil/00136_segmentation.tif
oil_00006,oil,/tmp/data/part3/Images/Oil/00006.tif,/tmp/data/part3/Mask/Oil/00006_segmentation.tif
oil_00112,oil,/tmp/data/part3/Images/Oil/00112.tif,/tmp/data/part3/Mask/Oil/00112_segmentation.tif
oil_00100,oil,/tmp/data/part3/Images/Oil/00100.tif,/tmp/data/part3/Mask/Oil/00100_segmentation.tif
oil_00002,oil,/tmp/data/part3/Images/Oil/00002.tif,/tmp/data/part3/Mask/Oil/00002_segmentation.tif
oil_00063,oil,/tmp/data/part3/Images/Oil/00063.tif,/tmp/data/part3/Mask/Oil/00063_segmentation.tif
oil_00054,oil,/tmp/data/part3/Images/Oil/00054.tif,/tmp/data/part3/Mask/Oil/00054_segmentation.tif
oil_00126,oil,/tmp/data/part3/Images/Oil/00126.tif,/tmp/data/part3/Mask/Oil/00126_segmentation.tif
oil_00050,oil,/tmp/data/part3/Images/Oil/00050.tif,/tmp/data/part3/Mask/Oil/00050_segmentation.tif
oil_00115,oil,/tmp/data/part3/Images/Oil/00115.tif,/tmp/data/part3/Mask/Oil/00115_segmentation.tif
oil_00046,oil,/tmp/data/part3/Images/Oil/00046.tif,/tmp/data/part3/Mask/Oil/00046_segmentation.tif
oil_00139,oil,/tmp/data/part3/Images/Oil/00139.tif,/tmp/data/part3/Mask/Oil/00139_segmentation.tif
oil_00061,oil,/tmp/data/part3/Images/Oil/00061.tif,/tmp/data/part3/Mask/Oil/00061_segmentation.tif
oil_00147,oil,/tmp/data/part3/Images/Oil/00147.tif,/tmp/data/part3/Mask/Oil/00147_segmentation.tif
oil_00079,oil,/tmp/data/part3/Images/Oil/00079.tif,/tmp/data/part3/Mask/Oil/00079_segmentation.tif
oil_00059,oil,/tmp/data/part3/Images/Oil/00059.tif,/tmp/data/part3/Mask/Oil/00059_segmentation.tif
oil_00091,oil,/tmp/data/part3/Images/Oil/00091.tif,/tmp/data/part3/Mask/Oil/00091_segmentation.tif
oil_00041,oil,/tmp/data/part3/Images/Oil/00041.tif,/tmp/data/part3/Mask/Oil/00041_segmentation.tif
oil_00058,oil,/tmp/data/part3/Images/Oil/00058.tif,/tmp/data/part3/Mask/Oil/00058_segmentation.tif
oil_00090,oil,/tmp/data/part3/Images/Oil/00090.tif,/tmp/data/part3/Mask/Oil/00090_segmentation.tif
oil_00048,oil,/tmp/data/part3/Images/Oil/00048.tif,/tmp/data/part3/Mask/Oil/00048_segmentation.tif
oil_00088,oil,/tmp/data/part3/Images/Oil/00088.tif,/tmp/data/part3/Mask/Oil/00088_segmentation.tif
oil_00107,oil,/tmp/data/part3/Images/Oil/00107.tif,/tmp/data/part3/Mask/Oil/00107_segmentation.tif
oil_00124,oil,/tmp/data/part3/Images/Oil/00124.tif,/tmp/data/part3/Mask/Oil/00124_segmentation.tif
oil_00021,oil,/tmp/data/part3/Images/Oil/00021.tif,/tmp/data/part3/Mask/Oil/00021_segmentation.tif
oil_00057,oil,/tmp/data/part3/Images/Oil/00057.tif,/tmp/data/part3/Mask/Oil/00057_segmentation.tif
oil_00144,oil,/tmp/data/part3/Images/Oil/00144.tif,/tmp/data/part3/Mask/Oil/00144_segmentation.tif
oil_00129,oil,/tmp/data/part3/Images/Oil/00129.tif,/tmp/data/part3/Mask/Oil/00129_segmentation.tif
oil_00037,oil,/tmp/data/part3/Images/Oil/00037.tif,/tmp/data/part3/Mask/Oil/00037_segmentation.tif
oil_00140,oil,/tmp/data/part3/Images/Oil/00140.tif,/tmp/data/part3/Mask/Oil/00140_segmentation.tif
oil_00001,oil,/tmp/data/part3/Images/Oil/00001.tif,/tmp/data/part3/Mask/Oil/00001_segmentation.tif
oil_00052,oil,/tmp/data/part3/Images/Oil/00052.tif,/tmp/data/part3/Mask/Oil/00052_segmentation.tif
oil_00130,oil,/tmp/data/part3/Images/Oil/00130.tif,/tmp/data/part3/Mask/Oil/00130_segmentation.tif
oil_00103,oil,/tmp/data/part3/Images/Oil/00103.tif,/tmp/data/part3/Mask/Oil/00103_segmentation.tif
oil_00099,oil,/tmp/data/part3/Images/Oil/00099.tif,/tmp/data/part3/Mask/Oil/00099_segmentation.tif
oil_00116,oil,/tmp/data/part3/Images/Oil/00116.tif,/tmp/data/part3/Mask/Oil/00116_segmentation.tif
oil_00087,oil,/tmp/data/part3/Images/Oil/00087.tif,/tmp/data/part3/Mask/Oil/00087_segmentation.tif
oil_00074,oil,/tmp/data/part3/Images/Oil/00074.tif,/tmp/data/part3/Mask/Oil/00074_segmentation.tif
oil_00121,oil,/tmp/data/part3/Images/Oil/00121.tif,/tmp/data/part3/Mask/Oil/00121_segmentation.tif
oil_00149,oil,/tmp/data/part3/Images/Oil/00149.tif,/tmp/data/part3/Mask/Oil/00149_segmentation.tif
oil_00020,oil,/tmp/data/part3/Images/Oil/00020.tif,/tmp/data/part3/Mask/Oil/00020_segmentation.tif
oil_00071,oil,/tmp/data/part3/Images/Oil/00071.tif,/tmp/data/part3/Mask/Oil/00071_segmentation.tif
oil_00106,oil,/tmp/data/part3/Images/Oil/00106.tif,/tmp/data/part3/Mask/Oil/00106_segmentation.tif
oil_00014,oil,/tmp/data/part3/Images/Oil/00014.tif,/tmp/data/part3/Mask/Oil/00014_segmentation.tif
oil_00092,oil,/tmp/data/part3/Images/Oil/00092.tif,/tmp/data/part3/Mask/Oil/00092_segmentation.tif
oil_00102,oil,/tmp/data/part3/Images/Oil/00102.tif,/tmp/data/part3/Mask/Oil/00102_segmentation.tif
